,date_np,minutesAsleep,minutesAwake,weekend,sed_min,va_min,ma_min,ls_min,sum,pred
0,2014-08-30,445,13,True,532,74,181,193,19267,True
1,2014-09-01,540,9,False,730,44,70,136,10891,False
2,2014-09-02,370,19,False,676,163,61,68,19943,False
3,2014-09-03,481,12,False,732,57,77,112,11887,False
4,2014-09-04,374,20,False,750,112,70,100,15751,False
5,2014-09-05,330,0,False,821,74,87,107,14058,False
6,2014-09-06,533,0,True,576,70,135,147,18179,True
7,2014-09-07,334,0,True,771,75,95,114,11827,False
8,2014-09-08,531,0,False,631,149,72,90,21039,True
9,2014-09-09,502,0,False,734,62,64,96,11041,False
10,2014-09-10,350,0,False,774,87,102,127,19270,False
11,2014-09-12,378,9,False,893,20,47,85,5459,False
12,2014-09-13,529,14,True,786,21,35,49,4620,True
13,2014-09-14,504,56,True,600,49,61,147,10145,False
14,2014-09-15,314,20,False,848,68,64,73,11923,False
15,2014-09-16,498,32,False,746,58,62,65,11116,False
16,2014-09-17,403,55,False,744,66,68,85,13869,False
17,2014-09-18,388,5,False,763,131,67,72,16982,False
18,2014-09-19,339,29,False,865,49,46,102,8893,False
19,2014-09-20,359,10,True,782,88,62,128,16428,False
20,2014-09-21,346,12,True,928,50,41,55,5544,True
21,2014-09-22,403,69,False,779,75,46,58,11326,False
22,2014-09-23,362,21,False,839,37,96,75,11601,False
23,2014-09-24,324,26,False,810,54,63,153,9402,False
24,2014-09-25,376,17,False,801,46,51,84,7899,False
25,2014-09-26,550,4,False,857,18,28,32,3972,True
26,2014-09-27,760,68,True,614,121,153,136,30173,False
27,2014-09-28,370,41,True,580,97,149,196,13918,True
28,2014-09-29,441,19,False,787,27,58,95,8909,False
29,2014-09-30,407,19,False,715,67,74,108,10138,False
30,2014-10-01,453,42,False,716,109,59,64,16391,False
31,2014-10-02,338,10,False,898,55,43,55,8092,False
32,2014-10-03,486,30,False,712,51,62,94,10412,False
33,2014-10-05,526,30,True,700,18,30,53,3849,True
34,2014-10-06,456,46,False,831,32,44,96,7897,False
35,2014-10-07,422,32,False,733,49,88,86,9271,False
36,2014-10-08,400,45,False,740,104,70,76,16526,False
37,2014-10-09,456,11,False,845,29,35,53,5215,True
38,2014-10-10,302,9,False,971,39,52,54,7441,False
39,2014-10-11,516,42,True,545,71,85,178,14505,True
40,2014-10-12,455,22,True,661,69,94,110,13272,False
41,2014-10-13,365,26,False,876,44,41,82,7999,False
42,2014-10-14,366,27,False,795,36,81,98,8905,False
43,2014-10-15,429,16,False,660,147,108,100,23477,False
44,2014-10-16,361,20,False,803,53,54,122,10515,False
45,2014-10-17,359,20,False,670,139,75,158,21045,False
46,2014-10-18,373,9,True,798,87,47,87,10414,False
47,2014-10-20,938,0,False,744,21,46,91,6307,False
48,2014-10-21,302,14,False,870,37,90,113,9073,False
49,2014-10-22,245,7,False,1010,45,40,81,7680,False
50,2014-10-23,431,52,False,665,66,96,108,13569,False
51,2014-10-24,307,7,False,489,163,252,130,32278,False
52,2014-10-25,442,6,True,580,121,213,137,26566,False
53,2014-10-26,371,4,True,652,95,97,87,15349,False
54,2014-10-27,844,16,False,829,53,117,134,13243,False
55,2014-10-28,400,41,False,820,32,47,94,7638,False
56,2014-10-29,447,27,False,708,66,78,89,11486,False
57,2014-10-31,457,14,False,664,49,80,172,13234,False
58,2014-11-01,363,9,True,764,98,83,116,14276,False
59,2014-11-03,362,16,False,831,56,61,84,10172,False
60,2014-11-04,432,22,False,797,56,49,76,9171,False
61,2014-11-06,692,253,False,284,34,60,101,7087,False
62,2014-11-07,382,11,False,813,52,55,88,9329,False
63,2014-11-08,441,9,True,749,49,58,113,9223,False
64,2014-11-10,397,33,False,742,41,80,142,9718,False
65,2014-11-11,421,24,False,764,71,61,87,11988,False
66,2014-11-12,449,32,False,813,16,19,49,3181,True
67,2014-11-13,463,22,False,855,25,35,79,7076,False
68,2014-11-14,389,26,False,829,51,68,56,8186,False
69,2014-11-15,405,37,True,764,71,46,107,11823,False
70,2014-11-16,499,23,True,710,50,46,55,7613,True
71,2014-11-17,409,33,False,801,35,71,97,8197,False
72,2014-11-18,379,36,False,789,40,62,126,8784,False
73,2014-11-21,400,12,False,784,67,78,87,12264,False
74,2014-11-22,411,26,True,527,156,172,133,27895,True
75,2014-11-23,324,82,True,496,101,151,156,20101,False
76,2014-11-24,540,25,False,678,44,99,139,11577,False
77,2014-11-25,375,30,False,669,37,52,104,7433,False
78,2014-11-26,896,224,False,849,15,50,103,5562,False
79,2014-11-27,407,22,False,681,42,107,150,12371,False
80,2014-11-28,417,54,False,731,6,38,111,3045,False
81,2014-11-29,483,40,True,840,20,41,60,5133,True
82,2014-11-30,491,10,True,648,9,22,40,2745,True
83,2014-12-01,478,180,False,683,29,96,104,9133,False
84,2014-12-02,363,26,False,808,40,49,91,7807,False
85,2014-12-03,412,68,False,624,140,98,98,21385,False
86,2014-12-04,485,55,False,740,19,54,108,6194,False
87,2014-12-07,489,36,True,724,23,33,64,4882,True
88,2014-12-08,465,66,False,681,20,104,124,9812,False
89,2014-12-09,392,31,False,723,25,39,111,5302,False
90,2014-12-10,542,24,False,600,117,79,67,18133,False
91,2014-12-11,472,75,False,714,44,64,114,9819,False
92,2014-12-12,359,27,False,638,94,143,177,19302,False
93,2014-12-13,336,25,True,615,112,177,169,23832,False
94,2014-12-14,397,29,True,741,44,94,112,10046,False
95,2014-12-15,337,5,False,612,126,178,165,25543,False
96,2014-12-16,233,15,False,899,23,116,119,9292,False
97,2014-12-17,540,59,False,366,50,164,214,10380,True
98,2014-12-18,486,46,False,586,43,159,133,15270,False
99,2014-12-19,352,20,False,763,55,80,165,11617,False
100,2014-12-21,416,27,True,810,38,76,59,9887,False
101,2014-12-22,450,12,False,915,1,43,99,2463,False
102,2014-12-23,311,0,False,885,3,38,69,3721,False
103,2014-12-24,548,2,False,814,0,30,166,2544,False
104,2014-12-25,488,9,False,782,2,37,96,2779,False
105,2014-12-26,1108,70,False,646,0,39,166,3339,False
106,2014-12-27,419,21,True,729,4,73,187,5694,False
107,2014-12-28,297,25,True,837,8,53,116,3815,False
108,2014-12-29,509,4,False,593,43,188,194,12597,True
109,2014-12-30,464,8,False,728,13,88,132,9892,False
110,2015-01-01,289,17,False,875,41,102,106,10415,False
111,2015-01-02,565,132,False,482,24,73,146,7810,False
112,2015-01-03,557,48,True,441,85,151,151,19867,True
113,2015-01-05,340,31,False,730,82,101,118,16511,False
114,2015-01-06,348,47,False,638,69,76,93,17936,False
115,2015-01-07,511,42,False,716,133,116,77,16861,False
116,2015-01-09,304,14,False,756,70,109,177,14089,False
117,2015-01-10,453,11,True,674,38,72,104,10201,False
118,2015-01-11,523,27,True,502,63,92,124,11756,True
119,2015-01-12,454,32,False,833,45,102,84,11459,False
120,2015-01-13,345,30,False,537,10,167,241,11444,False
121,2015-01-14,457,28,False,665,53,143,154,13993,False
122,2015-01-15,332,33,False,761,31,110,172,13290,False
123,2015-01-16,348,5,False,715,86,133,136,16032,False
124,2015-01-18,318,26,True,691,58,71,88,13613,False
125,2015-01-19,523,12,False,856,25,74,116,6315,False
126,2015-01-20,331,29,False,611,11,159,238,11339,False
127,2015-01-21,333,14,False,797,29,88,60,9803,False
128,2015-01-22,488,10,False,786,46,120,100,9838,False
129,2015-01-23,344,29,False,784,44,101,131,10513,False
130,2015-01-24,438,19,True,626,19,92,236,7405,True
131,2015-01-25,732,4,True,802,21,88,150,10478,False
132,2015-01-27,545,48,False,707,74,83,82,12452,False
133,2015-01-28,349,22,False,844,48,104,67,13080,False
134,2015-01-30,423,26,False,761,35,83,108,12037,False
135,2015-02-01,299,0,True,736,53,157,125,22574,False
136,2015-02-02,391,17,False,722,82,128,130,12908,False
137,2015-02-03,379,19,False,724,50,124,117,17161,False
138,2015-02-04,377,29,False,691,60,111,107,12127,False
139,2015-02-05,427,42,False,735,34,106,133,10616,False
140,2015-02-06,285,6,False,826,54,80,80,12425,False
141,2015-02-07,453,19,True,874,50,44,67,8705,False
142,2015-02-09,404,25,False,660,80,118,90,7269,False
143,2015-02-10,408,34,False,526,105,231,154,23120,False
144,2015-02-11,332,35,False,830,60,73,103,18539,False
145,2015-02-12,397,13,False,694,24,82,126,12578,False
146,2015-02-13,462,35,False,712,47,96,140,6137,False
147,2015-02-14,351,25,True,847,10,55,112,8646,False
148,2015-02-15,507,17,True,819,4,49,50,5030,False
149,2015-02-16,369,37,False,788,44,77,86,9180,False
150,2015-02-17,401,42,False,573,87,200,168,14840,False
151,2015-02-18,426,18,False,655,59,93,96,16883,False
152,2015-02-19,431,21,False,790,31,95,129,10072,False
153,2015-02-20,376,16,False,747,29,108,153,9892,False
154,2015-02-21,305,31,True,795,40,100,149,12696,False
155,2015-02-22,555,37,True,747,6,31,39,2495,True
156,2015-02-23,365,40,False,715,64,122,102,6945,False
157,2015-02-24,876,38,False,523,33,137,197,19081,False
158,2015-02-25,464,70,False,775,54,93,81,9633,False
159,2015-02-26,393,27,False,716,51,98,148,12986,False
160,2015-02-28,497,34,True,812,14,60,90,3615,False
161,2015-03-02,365,26,False,820,38,59,78,8010,False
162,2015-03-03,389,22,False,585,84,233,167,14596,False
163,2015-03-04,433,19,False,744,44,90,80,15283,False
164,2015-03-05,507,26,False,750,24,47,89,6028,False
165,2015-03-06,388,16,False,819,49,55,108,10731,False
166,2015-03-08,566,33,True,717,16,34,54,4516,True
167,2015-03-09,364,17,False,787,53,97,88,8219,False
168,2015-03-10,354,13,False,663,49,191,177,17101,False
169,2015-03-11,448,18,False,725,70,67,76,12649,False
170,2015-03-12,343,17,False,747,38,108,180,13851,False
171,2015-03-13,361,22,False,890,14,51,97,7472,False
172,2015-03-14,505,67,True,560,27,91,183,7686,False
173,2015-03-15,466,13,True,799,16,40,75,5755,False
174,2015-03-16,377,49,False,784,69,77,75,8815,False
175,2015-03-17,417,30,False,698,71,99,121,15142,False
176,2015-03-19,372,28,False,714,63,86,125,17777,False
177,2015-03-20,286,12,False,812,93,93,128,11774,False
178,2015-03-22,367,18,True,936,19,48,34,5713,False
179,2015-03-24,280,20,False,666,74,219,165,15567,False
180,2015-03-25,322,32,False,851,47,91,79,14253,False
181,2015-03-26,840,46,False,686,60,110,129,14294,False
182,2015-03-27,346,18,False,781,75,97,95,11143,False
183,2015-03-28,390,31,True,812,37,79,72,12775,False
184,2015-03-29,353,47,True,550,87,90,103,17648,False
185,2015-03-31,795,136,False,544,18,120,145,9470,False
186,2015-04-03,353,6,False,847,25,20,170,11428,False
187,2015-04-04,476,28,True,615,43,68,215,11747,True
188,2015-04-05,357,12,True,877,0,0,96,5124,False
189,2015-04-06,533,27,False,727,35,21,145,7757,True
190,2015-04-07,266,16,False,780,29,57,278,15518,False
191,2015-04-08,415,37,False,644,77,33,209,9909,True
192,2015-04-09,315,24,False,734,69,53,229,25030,False
193,2015-04-11,315,13,True,748,106,49,194,20253,False
194,2015-04-13,469,43,False,691,60,41,128,11260,False
195,2015-04-14,421,18,False,661,21,36,271,15834,False
196,2015-04-15,395,40,False,825,27,43,104,7687,False
197,2015-04-16,336,20,False,856,24,17,178,10520,False
198,2015-04-17,365,8,False,840,29,19,159,9212,False
199,2015-04-18,391,5,True,769,39,29,192,9457,False
200,2015-04-19,417,47,True,793,25,14,138,9735,False
201,2015-04-20,356,29,False,797,30,33,184,9944,False
202,2015-04-21,415,15,False,557,54,25,307,19594,False
203,2015-04-22,283,5,False,977,25,27,150,8105,False
204,2015-04-23,463,30,False,616,58,52,191,12684,True
205,2015-04-24,386,2,False,803,29,16,229,12724,False
206,2015-04-25,708,30,True,747,0,0,316,8918,False
207,2015-04-26,555,41,True,659,14,9,157,6440,True
208,2015-04-27,446,53,False,709,21,14,162,11999,False
209,2015-04-28,372,38,False,807,58,32,118,12336,False
210,2015-04-29,381,25,False,740,40,20,139,11166,False
211,2015-04-30,418,6,False,696,54,32,201,13730,False
212,2015-05-01,437,35,False,782,28,15,175,7253,False
213,2015-05-02,473,49,True,579,26,35,270,14923,False
214,2015-05-03,445,40,True,706,84,28,115,14320,False
215,2015-05-04,353,30,False,842,37,24,135,9943,False
216,2015-05-05,393,31,False,863,21,22,144,10518,False
217,2015-05-06,330,24,False,800,47,13,214,13568,False
218,2015-05-07,363,56,False,537,93,41,343,16718,True
219,2015-05-08,392,50,False,667,69,51,180,18187,False
220,2015-05-09,368,22,True,814,78,30,100,17963,False
221,2015-05-10,423,46,True,758,40,29,177,9618,False
222,2015-05-11,403,40,False,699,28,32,221,10547,False
223,2015-05-12,334,23,False,833,7,7,229,9989,False
224,2015-05-14,495,42,False,730,25,1,151,7932,False
225,2015-05-15,364,4,False,757,77,34,198,15910,False
226,2015-05-16,339,44,True,789,12,21,226,8652,False
227,2015-05-17,286,7,True,942,9,12,172,6430,False
228,2015-05-19,316,14,False,905,38,35,122,9169,False
229,2015-05-21,388,27,False,792,21,16,144,5859,False
230,2015-05-22,379,25,False,749,25,47,248,11985,False
231,2015-05-23,341,25,True,906,23,18,116,5996,False
232,2015-05-24,317,1,True,835,1,6,179,4858,True
233,2015-05-25,1002,104,False,788,0,0,103,3857,False
234,2015-05-26,679,89,False,674,4,9,34,2080,True
235,2015-05-28,347,23,False,860,18,22,128,7118,False
236,2015-05-29,413,38,False,740,24,16,211,8084,False
237,2015-05-30,428,22,True,717,49,27,201,11851,False
238,2015-05-31,370,20,True,841,17,14,171,6561,False
239,2015-06-01,423,29,False,730,29,35,144,10369,False
240,2015-06-02,400,23,False,732,65,36,155,11709,False
241,2015-06-03,501,83,False,717,13,18,150,8932,False
242,2015-06-04,322,29,False,815,9,11,239,8288,False
243,2015-06-06,428,8,True,658,92,72,175,17408,False
244,2015-06-07,332,29,True,890,14,17,105,5027,False
245,2015-06-08,466,33,False,668,49,43,168,13358,False
246,2015-06-09,367,52,False,797,26,23,152,9954,False
247,2015-06-10,408,32,False,723,66,41,136,12979,False
248,2015-06-11,360,18,False,825,20,27,160,7148,False
249,2015-06-12,296,17,False,733,79,56,200,13957,False
250,2015-06-14,500,28,True,664,21,31,171,8780,False
251,2015-06-15,337,14,False,687,34,83,276,14347,False
252,2015-06-16,365,37,False,781,17,24,156,11760,False
253,2015-06-17,551,53,False,595,66,70,123,11715,False
254,2015-06-18,268,28,False,952,0,0,183,9652,False
255,2015-06-22,455,22,False,682,50,39,217,14175,False
256,2015-06-23,353,29,False,750,44,52,194,15349,False
257,2015-06-25,492,80,False,579,54,40,253,14274,False
258,2015-06-29,418,21,False,790,59,46,152,7206,False
259,2015-07-01,339,22,False,770,55,43,201,14205,False
260,2015-07-05,501,101,True,757,0,0,172,4042,False
261,2015-07-21,428,56,False,815,35,15,146,9793,False
262,2015-08-12,379,54,False,757,42,27,179,15021,False
263,2015-08-14,410,64,False,567,37,40,293,12019,True
264,2015-12-15,396,5,False,762,30,15,232,12195,False
265,2015-12-16,401,41,False,779,20,8,191,9009,False
266,2015-12-18,349,20,False,825,46,15,210,13500,False
267,2015-12-19,458,31,True,780,70,42,172,13721,False
268,2015-12-20,306,28,True,851,73,18,110,13337,False
269,2015-12-21,894,38,False,972,64,17,184,12927,False
270,2015-12-23,281,26,False,926,0,0,207,6504,False
271,2015-12-24,303,13,False,827,0,8,274,6206,True
272,2015-12-25,471,19,False,755,0,0,173,2870,False
273,2015-12-26,338,16,True,971,0,0,153,4596,False
274,2016-01-02,809,72,True,909,35,10,61,5386,True
275,2016-01-03,341,28,True,619,21,6,62,4321,True
276,2016-01-04,594,51,False,1087,14,8,164,7697,False
277,2016-01-06,447,23,False,911,6,4,119,5313,False
278,2016-01-07,413,28,False,751,0,0,168,5474,False
279,2016-01-08,436,31,False,780,22,15,254,11641,False
280,2016-01-09,513,20,True,672,47,35,140,11550,False
281,2016-01-12,418,30,False,892,49,28,183,13701,False
282,2016-01-13,291,20,False,817,16,8,166,8887,False
283,2016-01-14,340,21,False,754,8,6,143,7606,False
284,2016-01-15,792,42,False,925,22,4,172,8797,False
285,2016-01-17,479,25,True,738,67,23,88,10782,True
286,2016-01-18,377,57,False,819,0,0,187,7551,False
287,2016-01-19,443,32,False,741,27,23,214,11199,False
288,2016-01-20,810,80,False,759,31,33,194,12489,False
289,2016-01-21,353,25,False,878,22,12,111,6692,False
290,2016-01-22,471,19,False,793,22,13,215,10278,False
291,2016-01-23,507,22,True,764,7,6,92,3917,True
292,2016-01-24,427,14,True,762,99,15,110,15068,False
293,2016-01-25,310,18,False,833,16,16,171,9481,False
294,2016-01-26,389,13,False,776,26,16,227,13533,False
295,2016-01-27,421,31,False,859,31,9,144,9574,False
296,2016-01-28,453,22,False,1121,2,21,142,8171,False
297,2016-01-30,623,60,True,751,52,42,249,13558,False
298,2016-01-31,269,32,True,700,43,6,107,12167,False
299,2016-02-01,490,35,False,854,15,15,96,6067,False
300,2016-02-02,389,18,False,833,48,38,159,13066,False
301,2016-02-03,345,49,False,810,33,8,157,9359,False
302,2016-02-04,410,33,False,735,11,7,166,7544,False
303,2016-02-05,445,49,False,802,56,20,281,14200,False
304,2016-02-06,630,39,True,771,16,1,119,6843,False
305,2016-02-07,263,23,True,803,70,15,80,9626,False
306,2016-02-08,698,50,False,820,10,14,111,6429,False
307,2016-02-10,448,31,False,821,2,12,184,9433,False
308,2016-02-11,351,26,False,703,37,21,305,15658,False
309,2016-02-12,447,17,False,901,0,0,98,3668,False
310,2016-02-13,363,36,True,647,30,38,400,17576,True
311,2016-02-14,707,33,True,679,45,32,197,13271,False
312,2016-02-16,393,25,False,657,21,24,244,13199,False
313,2016-02-17,386,22,False,674,5,5,216,10953,False
314,2016-02-18,523,13,False,892,24,12,166,9539,False
315,2016-02-19,648,58,False,846,27,30,216,13294,False
316,2016-02-20,474,38,True,627,57,16,64,8357,True
317,2016-02-21,562,34,True,752,50,15,97,7937,True
318,2016-02-22,471,63,False,705,26,19,177,10301,False
319,2016-02-23,425,32,False,712,17,33,231,13177,False
320,2016-02-24,417,25,False,751,23,18,130,8841,False
321,2016-02-25,436,17,False,689,46,106,248,20535,False
322,2016-02-26,405,30,False,773,13,16,170,8292,False
323,2016-02-27,518,38,True,644,95,74,193,19115,False
324,2016-02-28,741,41,True,570,2,9,129,4042,True
325,2016-02-29,246,32,False,717,24,14,168,10267,False
326,2016-03-01,774,63,False,707,42,44,193,14031,False
327,2016-03-03,457,14,False,825,7,5,167,9236,False
328,2016-03-04,333,27,False,1388,0,0,43,1563,True
329,2016-03-07,272,20,False,968,27,14,86,6524,False
330,2016-03-09,462,31,False,762,50,28,200,15036,False
331,2016-03-10,820,39,False,729,27,24,131,8051,True
332,2016-03-12,390,56,True,600,42,36,263,12010,False
333,2016-03-14,537,28,False,803,30,35,149,10432,False
334,2016-03-15,634,30,False,683,16,14,287,14383,False
335,2016-03-17,402,27,False,1055,33,18,184,9367,False
336,2016-03-19,499,20,True,762,29,67,226,13539,False
337,2016-03-20,1134,138,True,773,33,29,204,8619,True
338,2016-03-22,382,38,False,1152,20,14,110,6905,False
339,2016-03-24,511,47,False,798,40,36,116,9556,False
340,2016-03-25,373,29,False,700,78,61,212,15698,False
341,2016-03-26,731,50,True,694,0,0,48,1609,True
342,2016-03-28,548,73,False,827,20,9,142,7864,False
343,2016-03-29,434,49,False,849,36,27,119,8525,False
344,2016-03-30,307,18,False,793,44,41,158,12927,False
345,2016-03-31,478,26,False,699,24,18,256,10818,False
346,2016-04-01,537,42,False,917,45,48,176,13253,False
347,2016-04-03,468,48,True,815,26,25,165,7838,False
348,2016-04-04,344,27,False,566,23,31,150,9657,False
349,2016-04-05,713,41,False,1119,9,11,117,5421,False
350,2016-04-07,294,49,False,681,41,53,176,12375,False
351,2016-04-08,654,55,False,675,9,10,193,7926,False
352,2016-04-09,387,59,True,522,109,69,216,23701,True
353,2016-04-10,415,39,True,758,35,40,151,9786,False
354,2016-04-12,380,19,False,820,20,54,141,9954,False
355,2016-04-14,279,25,False,789,43,17,156,9800,False
356,2016-04-15,429,53,False,653,23,27,140,8385,False
357,2016-04-16,710,83,True,634,48,30,299,13689,False
358,2016-04-17,536,58,True,732,11,15,127,6467,False
359,2016-04-19,1090,146,False,599,39,48,209,15290,False
360,2016-04-20,450,45,False,646,54,37,185,13429,False
361,2016-04-21,467,61,False,847,23,13,162,7968,False
362,2016-04-22,362,55,False,928,21,17,150,8049,False
363,2016-04-23,623,40,True,753,58,41,147,13471,False
364,2016-04-26,401,39,False,1086,49,57,147,13500,False
365,2016-04-27,333,30,False,786,17,10,219,11159,False
366,2016-04-28,461,43,False,693,31,32,225,12545,False
367,2016-04-29,294,11,False,1067,4,4,60,2325,True
368,2016-05-03,429,39,False,953,0,0,48,2110,True
369,2016-05-06,369,34,False,793,0,0,34,1917,True
370,2016-05-07,446,36,True,1124,0,0,44,1980,True
371,2016-05-10,489,24,False,966,0,0,44,1702,True
372,2016-05-12,475,57,False,857,0,0,43,1930,True
373,2016-05-22,532,33,True,641,39,36,176,9755,False
374,2016-05-23,451,28,False,774,17,26,197,10368,False
375,2016-05-24,374,24,False,849,11,51,131,7999,False
376,2016-05-25,367,18,False,800,9,9,158,6306,False
377,2016-05-26,460,62,False,754,15,9,193,8154,False
378,2016-05-27,431,30,False,744,25,41,174,10760,False
379,2016-05-29,424,29,True,638,63,29,194,9161,True
380,2016-05-30,495,44,False,629,34,24,216,12912,False
381,2016-05-31,396,21,False,680,22,34,232,13751,False
382,2016-06-01,390,42,False,840,5,7,199,6219,False
383,2016-06-02,458,25,False,882,17,7,112,5822,False
384,2016-06-04,444,61,True,829,19,10,77,8028,False
385,2016-06-05,370,31,True,744,28,18,249,7697,False
386,2016-06-06,321,6,False,912,18,30,121,5480,False
387,2016-06-07,380,23,False,711,12,27,218,11311,False
388,2016-06-08,504,61,False,826,0,0,150,5419,False
389,2016-06-11,583,37,True,641,2,24,148,6252,False
390,2016-06-12,377,21,True,811,7,27,158,4804,False
391,2016-06-13,305,30,False,881,9,36,218,11235,False
392,2016-06-14,408,19,False,660,21,41,226,11850,False
393,2016-06-15,506,25,False,733,19,31,189,9183,False
394,2016-06-16,313,33,False,721,89,52,211,19212,False
395,2016-06-17,341,14,False,933,3,7,159,6453,False
396,2016-06-18,376,38,True,811,82,96,244,19542,False
397,2016-06-23,427,68,False,661,17,39,205,10092,False
398,2016-06-24,431,41,False,838,20,16,192,10265,False
399,2016-06-25,366,32,True,556,96,130,260,27534,False
400,2016-06-26,311,40,True,598,34,29,207,11720,True
401,2016-06-27,433,34,False,682,14,22,252,10246,False
402,2016-06-28,405,47,False,687,1,7,166,4637,False
403,2016-06-29,465,46,False,765,23,43,166,10634,False
404,2016-06-30,407,32,False,826,52,30,156,12405,False
405,2016-07-01,552,62,False,564,41,31,164,11954,False
406,2016-07-02,479,46,True,728,16,30,167,9648,False
407,2016-07-03,397,40,True,601,75,95,229,18841,True
408,2016-07-04,368,35,False,765,23,22,196,9713,False
409,2016-07-05,359,23,False,897,16,10,163,8882,False
410,2016-07-06,343,32,False,819,21,21,180,8341,False
411,2016-07-07,382,9,False,763,6,6,171,6654,False
412,2016-07-08,437,46,False,860,12,25,179,8798,False
413,2016-07-09,442,41,True,741,43,25,148,9503,False
414,2016-07-10,332,36,True,885,7,7,173,5847,False
415,2016-07-11,338,39,False,859,20,20,131,7148,False
416,2016-07-12,363,26,False,817,18,21,181,7849,False
417,2016-07-13,389,18,False,876,7,4,192,8887,False
418,2016-07-14,311,35,False,797,56,60,158,14418,False
419,2016-07-15,424,49,False,698,26,28,234,17320,False
420,2016-07-16,298,27,True,590,53,62,232,8513,True
421,2016-07-17,513,25,True,779,31,18,228,11798,False
422,2016-07-18,922,134,False,733,0,0,111,3384,False
423,2016-07-19,428,26,False,786,33,18,133,7807,False
424,2016-07-20,488,45,False,717,6,15,191,9522,False
425,2016-07-21,434,30,False,849,8,3,194,7510,False
426,2016-07-22,433,22,False,764,11,12,182,9810,False
427,2016-07-23,337,26,True,718,107,75,190,22796,False
428,2016-07-24,383,27,True,771,17,27,215,6129,False
429,2016-07-25,330,29,False,797,69,40,175,15347,False
430,2016-07-26,383,44,False,746,20,27,220,10213,False
431,2016-07-27,360,37,False,799,18,20,138,7928,False
432,2016-07-28,420,59,False,905,0,0,122,4712,False
433,2016-07-29,375,33,False,774,36,24,197,8896,False
434,2016-07-30,201,24,True,965,16,24,210,7696,True
435,2016-07-31,329,27,True,907,20,6,151,9460,False
436,2016-08-01,297,29,False,880,20,23,190,6528,True
437,2016-08-02,308,17,False,925,0,0,183,4354,False
438,2016-08-03,457,42,False,771,0,0,170,4400,False
439,2016-08-04,430,19,False,840,4,4,142,3979,False
440,2016-08-05,523,48,False,728,0,0,136,3754,False
441,2016-08-13,371,48,True,782,36,36,164,11263,False
442,2016-08-15,344,30,False,864,25,20,157,9253,False
443,2016-08-17,608,70,False,887,11,10,174,7318,False
444,2016-08-18,391,20,False,727,54,50,217,15677,False
445,2016-08-19,216,5,False,823,47,43,211,13509,False
446,2016-08-20,527,57,True,744,26,27,142,8524,False
447,2016-08-21,230,31,True,942,28,43,131,9635,False
448,2016-08-22,409,33,False,700,55,65,126,13656,False
449,2016-08-23,437,12,False,752,39,35,188,12198,False
450,2016-08-24,373,50,False,704,41,49,218,14079,False
451,2016-08-25,406,53,False,806,24,33,177,12470,False
452,2016-08-26,309,16,False,773,31,26,285,14402,False
453,2016-08-27,370,53,True,558,84,77,298,25495,False
454,2016-08-28,327,53,True,665,50,45,264,11582,False
455,2016-08-29,406,30,False,681,15,6,202,9195,False
456,2016-08-30,461,69,False,671,56,41,166,14624,False
457,2016-08-31,430,47,False,762,10,30,170,8208,False
458,2016-09-01,387,41,False,694,34,30,275,13850,False
459,2016-09-02,430,40,False,660,7,43,180,9106,False
460,2016-09-03,509,64,True,735,14,22,176,10381,False
461,2016-09-05,349,28,False,890,0,9,131,3231,False
462,2016-09-06,394,50,False,607,54,76,250,18461,False
463,2016-09-07,336,38,False,842,12,22,195,8109,False
464,2016-09-08,416,26,False,693,95,27,244,21477,False
465,2016-09-09,291,23,False,873,27,22,187,9366,False
466,2016-09-11,270,42,True,945,23,22,138,7800,False
467,2016-09-12,375,31,False,854,8,30,142,7481,False
468,2016-09-13,330,40,False,650,59,69,199,17982,False
469,2016-09-14,460,48,False,777,22,16,113,7255,False
470,2016-09-15,428,21,False,757,33,30,154,11896,False
471,2016-09-16,932,136,False,838,10,24,138,9341,False
472,2016-09-17,344,39,True,581,58,96,318,22157,False
473,2016-09-18,324,15,True,879,12,21,188,6743,False
474,2016-09-19,442,34,False,777,12,18,150,7249,False
475,2016-09-20,366,20,False,742,21,59,221,13098,False
476,2016-09-21,294,11,False,769,45,24,169,12242,False
477,2016-09-22,487,8,False,767,18,18,170,8089,False
478,2016-09-23,378,37,False,770,61,36,183,13828,False
479,2016-09-24,428,21,True,549,123,77,320,31431,True
480,2016-09-25,378,51,True,845,0,0,133,1650,True
481,2016-09-26,451,42,False,685,15,31,150,8857,False
482,2016-09-27,311,30,False,729,87,36,300,23797,False
483,2016-09-28,389,29,False,783,18,27,173,10055,False
484,2016-09-29,408,32,False,719,91,38,215,20304,False
485,2016-10-01,404,13,True,703,71,78,220,21902,False
486,2016-10-02,335,26,True,856,4,15,204,4659,False
487,2016-10-03,338,26,False,776,32,21,182,11544,False
488,2016-10-04,420,25,False,654,88,53,207,22204,False
489,2016-10-05,370,30,False,904,5,12,173,9317,False
490,2016-10-06,310,11,False,751,102,50,177,17462,False
491,2016-10-07,369,44,False,838,18,13,196,8287,False
492,2016-10-08,217,12,True,727,49,20,414,18321,True
493,2016-10-09,397,22,True,677,35,19,290,15487,False
494,2016-10-10,437,33,False,626,139,61,144,19851,True
495,2016-10-11,334,27,False,755,87,46,181,15325,False
496,2016-10-13,548,29,False,957,4,8,100,4154,False
497,2016-10-15,489,75,True,666,25,23,179,10579,False
498,2016-10-16,848,78,True,854,0,6,117,3514,False
499,2016-10-17,321,29,False,615,45,18,159,12504,False
500,2016-10-18,632,100,False,754,1,24,170,8969,False
501,2016-10-19,353,12,False,761,104,16,199,22305,False
502,2016-10-20,345,35,False,830,30,8,171,7034,False
503,2016-10-21,379,29,False,757,83,37,176,19018,False
504,2016-10-22,371,54,True,803,30,53,129,9935,False
505,2016-10-23,389,59,True,723,0,0,143,2112,True
506,2016-10-24,379,13,False,862,66,31,68,13641,False
507,2016-10-25,451,39,False,727,37,53,262,16947,False
508,2016-10-26,319,23,False,1017,12,9,60,4226,False
509,2016-10-27,335,31,False,696,6,5,189,7859,False
510,2016-10-28,484,40,False,884,43,39,128,10030,False
511,2016-10-30,435,17,True,804,82,40,149,18034,False
512,2016-10-31,335,26,False,843,18,30,142,7305,False
513,2016-11-01,389,21,False,743,77,29,225,20850,False
514,2016-11-02,326,10,False,889,29,27,152,9105,False
515,2016-11-03,345,9,False,824,27,28,201,10469,False
516,2016-11-05,288,17,True,588,58,47,442,22629,True
517,2016-11-06,249,11,True,815,32,12,140,8171,False
518,2016-11-07,573,25,False,652,32,17,126,9383,True
519,2016-11-08,521,66,False,813,8,17,210,8650,False
520,2016-11-09,287,32,False,775,17,6,175,9155,False
521,2016-11-10,564,69,False,731,37,15,169,11608,False
522,2016-11-11,403,47,False,673,65,35,217,16416,False
523,2016-11-12,296,35,True,791,52,34,232,16101,False
524,2016-11-13,438,10,True,670,30,25,167,6453,True
525,2016-11-14,426,39,False,781,38,18,152,11630,False
526,2016-11-15,992,74,False,589,50,57,205,15237,False
527,2016-11-16,417,33,False,685,70,19,133,15479,False
528,2016-11-17,592,61,False,642,27,14,140,8143,False
529,2016-11-18,449,40,False,756,0,0,168,6102,False
530,2016-11-20,519,46,True,746,8,24,208,8430,False
531,2016-11-21,420,15,False,866,23,25,102,7266,False
532,2016-11-23,358,14,False,671,130,36,152,23052,False
533,2016-11-24,409,19,False,791,35,73,187,14544,False
534,2016-11-25,409,40,False,699,48,34,210,14849,False
535,2016-11-26,297,28,True,852,27,65,170,13564,False
536,2016-11-27,441,24,True,731,20,24,193,8140,False
537,2016-11-29,378,20,False,579,108,56,268,26021,False
538,2016-11-30,402,21,False,650,32,29,284,16459,False
539,2016-12-01,463,49,False,782,22,12,188,9154,False
540,2016-12-02,306,18,False,656,18,26,260,11210,True
541,2016-12-03,660,76,True,448,165,52,177,30487,True
542,2016-12-06,404,15,False,1000,0,0,60,2211,True
543,2016-12-21,344,52,False,840,3,10,190,5156,False
544,2016-12-22,466,32,False,773,0,0,161,3682,False
545,2016-12-23,430,79,False,760,0,0,170,3456,False
546,2016-12-24,231,20,True,872,0,0,317,6675,False
547,2016-12-25,374,18,True,853,0,0,156,1767,True
548,2016-12-26,400,15,False,807,0,0,249,3840,False
549,2016-12-27,346,9,False,864,0,0,134,3189,True
550,2016-12-28,439,31,False,896,0,0,169,2055,False
551,2016-12-29,425,19,False,758,0,0,127,3297,False
552,2016-12-30,456,17,False,728,4,15,306,8855,False
553,2016-12-31,267,34,True,835,18,5,304,12834,False
554,2017-01-01,343,38,True,719,113,75,152,18878,False
555,2017-01-03,394,21,False,713,115,65,233,23424,False
556,2017-01-05,546,25,False,643,29,32,161,9056,False
557,2017-01-06,412,24,False,746,44,31,218,13995,False
558,2017-01-07,720,65,True,407,71,54,147,8817,True
559,2017-01-08,369,21,True,653,62,23,172,11025,False
560,2017-01-09,518,45,False,785,10,10,157,6584,False
561,2017-01-10,479,57,False,519,74,68,206,15033,True
562,2017-01-11,426,49,False,691,31,13,164,9471,False
563,2017-01-12,602,42,False,671,36,16,163,9423,True
564,2017-01-13,485,33,False,750,0,0,207,8171,False
565,2017-01-14,728,46,True,754,11,33,183,6737,False
566,2017-01-15,590,54,True,549,18,15,82,2345,True
567,2017-01-16,534,51,False,817,40,10,118,8021,False
568,2017-01-17,429,15,False,754,69,57,171,14925,False
569,2017-01-18,505,38,False,710,40,11,128,8262,True
570,2017-01-19,445,25,False,750,22,10,145,6199,True
571,2017-01-20,517,34,False,773,20,4,169,8233,False
572,2017-01-21,517,20,True,763,11,5,118,4798,True
573,2017-01-22,420,14,True,772,10,1,149,6055,False
574,2017-01-23,515,46,False,738,19,2,170,7665,False
575,2017-01-24,485,34,False,596,46,32,271,14313,False
576,2017-01-25,316,27,False,834,26,11,223,9790,False
577,2017-01-26,426,13,False,634,27,10,239,11037,False
578,2017-01-27,537,40,False,728,38,27,145,8982,False
579,2017-01-28,550,42,True,478,24,11,90,6753,True
580,2017-01-29,777,84,True,582,35,22,102,7883,True
581,2017-01-30,444,21,False,736,17,6,227,8483,False
582,2017-01-31,517,24,False,690,72,23,168,11633,False
583,2017-02-01,400,26,False,795,25,11,174,10417,False
584,2017-02-02,422,17,False,720,39,26,157,11458,False
585,2017-02-03,445,54,False,730,42,35,189,12817,False
586,2017-02-04,232,8,True,680,68,68,384,19192,True
587,2017-02-05,504,10,True,548,31,5,91,6804,True
588,2017-02-06,664,71,False,666,18,24,144,8738,False
589,2017-02-07,539,40,False,630,76,68,182,13949,True
590,2017-02-08,401,21,False,689,46,12,149,12151,False
591,2017-02-09,450,21,False,786,51,15,167,12166,False
592,2017-02-10,508,41,False,718,24,10,112,6160,True
593,2017-02-11,461,19,True,664,70,75,176,18034,False
594,2017-02-12,392,37,True,820,49,30,98,9989,False
595,2017-02-13,1054,90,False,746,0,0,150,5255,False
596,2017-02-14,394,29,False,768,21,13,207,8872,False
597,2017-02-15,415,20,False,834,53,15,167,10305,False
598,2017-02-16,281,20,False,898,27,20,194,9429,False
599,2017-02-17,334,18,False,830,57,29,172,13975,False
600,2017-02-18,262,8,True,911,96,41,122,14842,False
601,2017-02-19,514,29,True,753,23,17,102,6009,True
602,2017-02-20,516,42,False,665,14,6,96,3776,True
603,2017-02-21,425,47,False,818,47,29,146,11857,False
604,2017-02-22,482,65,False,536,24,11,123,6700,True
605,2017-02-23,670,104,False,550,29,18,91,5921,True
606,2017-02-24,590,34,False,690,21,14,296,10580,False
607,2017-02-25,320,27,True,751,30,39,273,10860,False
608,2017-02-26,353,28,True,655,42,40,302,11392,True
609,2017-02-27,449,42,False,695,9,5,180,8097,False
610,2017-02-28,403,25,False,727,62,71,223,15418,False
611,2017-03-01,354,38,False,718,40,23,217,12510,False
612,2017-03-02,462,53,False,646,46,29,183,11683,False
613,2017-03-03,310,25,False,884,22,22,224,9168,False
614,2017-03-04,515,28,True,650,10,1,229,8496,False
615,2017-03-05,408,30,True,703,50,32,172,7425,False
616,2017-03-06,402,39,False,777,21,16,163,9077,False
617,2017-03-07,456,71,False,616,86,66,195,13558,False
618,2017-03-08,430,42,False,749,22,26,152,7612,False
619,2017-03-09,379,4,False,826,38,22,194,10916,False
620,2017-03-10,351,30,False,748,12,10,154,6379,False
621,2017-03-11,451,44,True,620,90,73,297,20280,True
622,2017-03-12,545,38,True,630,22,20,169,8125,True
623,2017-03-13,350,33,False,806,11,12,138,6904,False
624,2017-03-14,439,11,False,761,105,66,149,11601,False
625,2017-03-15,464,14,False,919,25,24,158,7181,False
626,2017-03-16,423,30,False,772,32,29,213,10443,False
627,2017-03-17,342,34,False,813,34,32,202,11023,False
628,2017-03-18,353,37,True,644,15,18,276,6969,True
629,2017-03-20,475,33,False,698,36,13,129,8457,True
630,2017-03-21,440,20,False,967,33,19,145,8852,False
631,2017-03-22,222,8,False,830,22,26,273,8935,True
632,2017-03-23,471,30,False,790,21,7,168,8472,False
633,2017-03-24,332,17,False,929,13,10,139,5243,False
634,2017-03-25,440,26,True,796,13,20,106,3996,True
635,2017-03-26,469,44,True,818,35,30,82,6429,True
636,2017-03-27,377,24,False,829,45,22,142,9482,False
637,2017-03-28,405,28,False,760,42,38,148,9710,False
638,2017-03-29,369,10,False,823,32,14,154,8807,False
639,2017-03-30,455,36,False,705,63,53,170,12497,False
640,2017-03-31,460,22,False,754,27,22,171,9090,False
641,2017-04-01,380,37,True,636,136,83,161,19287,False
642,2017-04-02,372,27,True,628,130,45,153,20681,False
643,2017-04-03,488,46,False,747,28,21,142,8748,False
644,2017-04-04,399,38,False,627,106,103,173,14613,True
645,2017-04-05,403,45,False,860,10,10,120,5602,False
646,2017-04-06,375,7,False,801,50,39,180,12926,False
647,2017-04-07,322,28,False,670,33,23,257,10842,True
648,2017-04-08,442,65,True,603,14,36,269,6966,False
649,2017-04-09,492,67,True,789,34,39,132,8249,False
650,2017-04-10,299,24,False,749,33,28,148,9034,False
651,2017-04-11,508,12,False,621,89,92,185,12890,True
652,2017-04-12,479,46,False,726,30,20,231,10988,False
653,2017-04-13,319,15,False,821,53,37,186,14050,False
654,2017-04-14,812,138,False,614,30,47,233,8781,False
655,2017-04-15,392,12,True,640,104,76,266,16589,True
656,2017-04-16,542,23,True,606,30,83,156,4552,True
657,2017-04-17,364,39,False,506,141,142,248,20816,True
658,2017-04-18,344,29,False,713,55,73,170,8655,False
659,2017-04-19,435,17,False,748,29,18,188,10623,False
660,2017-04-20,471,50,False,663,83,31,198,14413,False
661,2017-04-21,302,13,False,633,117,76,262,24950,False
662,2017-04-22,507,34,True,605,93,30,208,18234,False
663,2017-04-23,346,15,True,709,59,27,156,11670,False
664,2017-04-24,461,20,False,782,105,56,138,16477,False
665,2017-04-25,264,31,False,646,115,53,198,14530,False
666,2017-04-26,475,40,False,764,57,43,195,11907,False
667,2017-04-27,239,10,False,892,32,29,238,11536,False
668,2017-04-28,369,39,False,649,92,78,208,14806,False
669,2017-04-29,333,18,True,666,87,70,265,15551,True
670,2017-04-30,259,15,True,843,48,37,238,12840,False
671,2017-05-01,314,24,False,832,56,43,171,12127,False
672,2017-05-02,355,39,False,880,6,4,156,5377,False
673,2017-05-03,408,36,False,764,29,14,189,8571,False
674,2017-05-04,393,98,False,731,11,24,183,6827,False
675,2017-05-05,408,31,False,804,54,19,124,8802,False
676,2017-05-06,425,73,True,696,40,31,174,10340,False
677,2017-05-07,440,84,True,449,105,180,182,10071,True
678,2017-05-08,284,50,False,773,93,58,182,16221,False
679,2017-05-09,299,50,False,832,51,23,185,6610,False
680,2017-05-10,384,42,False,768,55,25,166,11693,False
681,2017-05-11,361,25,False,811,67,25,151,10907,False
682,2017-05-12,354,30,False,799,48,27,182,10029,False
683,2017-05-13,332,39,True,754,71,47,197,16868,False
684,2017-05-14,846,142,True,679,63,25,179,6650,True
685,2017-05-15,330,75,False,838,16,5,176,5572,False
686,2017-05-16,368,66,False,761,25,36,184,6927,False
687,2017-05-17,362,86,False,792,31,8,146,7206,False
688,2017-05-18,309,24,False,865,43,29,185,10290,False
689,2017-05-20,589,88,True,500,63,29,139,12452,True
690,2017-05-21,268,5,True,746,27,162,264,5741,False
691,2017-05-22,364,50,False,777,61,40,148,10804,False
692,2017-05-23,354,56,False,753,56,27,194,11574,False
693,2017-05-25,357,33,False,822,13,20,194,7111,False
694,2017-05-26,356,54,False,773,5,6,246,7251,False
695,2017-05-28,324,20,True,840,16,10,227,7565,False
696,2017-05-29,355,71,False,768,78,28,140,11457,False
697,2017-05-30,254,40,False,891,37,26,192,7730,False
698,2017-05-31,433,76,False,739,23,18,151,5715,False
699,2017-06-01,347,55,False,862,38,19,118,6865,False
700,2017-06-02,349,51,False,752,62,15,211,14698,False
701,2017-06-03,292,37,True,917,17,3,174,4630,True
702,2017-06-04,230,34,True,911,24,22,206,10806,True
703,2017-06-05,290,46,False,761,32,64,260,7741,False
704,2017-06-07,542,88,False,571,20,24,195,8928,False
705,2017-06-08,408,63,False,788,14,24,143,6215,False
706,2017-06-09,429,80,False,737,63,35,96,9136,False
707,2017-06-10,503,102,True,486,152,90,107,19340,False
708,2017-06-11,279,62,True,790,50,34,225,10977,False
709,2017-06-12,312,25,False,881,45,30,147,9681,False
710,2017-06-13,826,180,False,775,32,15,115,6763,False
711,2017-06-14,337,31,False,884,19,26,143,6598,False
712,2017-06-15,334,36,False,812,43,20,192,10364,False
713,2017-06-17,395,39,True,778,41,10,177,9779,False
714,2017-06-18,433,54,True,626,124,31,172,15889,True
715,2017-06-20,328,48,False,873,33,26,132,6533,False
716,2017-06-21,265,48,False,940,1,12,174,5995,False
717,2017-06-22,269,10,False,846,62,39,214,14648,False
718,2017-06-24,298,41,True,822,48,36,195,11273,False
719,2017-06-26,216,43,False,847,37,38,186,9480,True
720,2017-06-27,373,65,False,831,70,19,155,11788,False
721,2017-06-28,450,86,False,700,33,24,147,6794,False
722,2017-06-29,298,49,False,839,39,23,192,8847,False
723,2017-06-30,285,24,False,881,28,17,205,10258,False
724,2017-07-01,447,57,True,677,58,46,155,9803,False
725,2017-07-02,352,50,True,624,119,99,196,15230,False
726,2017-07-03,258,46,False,802,63,79,192,11719,False
727,2017-07-04,471,72,False,491,78,48,280,22115,True
728,2017-07-05,397,59,False,666,44,41,233,14550,False
729,2017-07-06,318,59,False,714,32,62,255,12808,False
730,2017-07-07,361,54,False,720,63,59,183,14835,False
731,2017-07-08,312,49,True,669,59,83,268,16741,False
732,2017-07-09,370,77,True,685,44,43,221,13188,False
733,2017-07-10,250,45,False,799,88,116,142,11397,False
734,2017-07-11,257,44,False,936,15,37,151,5627,False
735,2017-07-12,344,36,False,884,10,3,162,4292,True
736,2017-07-13,786,82,False,781,45,21,159,6369,True
737,2017-07-14,251,50,False,760,36,97,246,8506,False
738,2017-07-15,377,52,True,582,103,117,209,13074,True
739,2017-07-16,363,32,True,558,111,167,209,8901,True
740,2017-07-17,384,60,False,757,32,13,194,8422,False
741,2017-07-18,272,48,False,968,18,7,127,5080,True
742,2017-07-19,347,29,False,866,26,6,142,6610,False
743,2017-07-20,374,82,False,727,78,58,145,14527,False
744,2017-07-21,229,32,False,769,49,95,266,10263,False
745,2017-07-22,300,40,True,453,201,146,300,15315,True
746,2017-07-23,380,42,True,729,14,27,248,21382,False
747,2017-07-25,488,66,False,724,28,25,109,6959,False
748,2017-07-26,256,61,False,815,49,26,233,13796,False
749,2017-07-27,384,72,False,745,70,26,143,8169,False
750,2017-07-28,286,70,False,843,47,23,171,10374,False
751,2017-07-29,307,33,True,818,51,58,173,9258,False
752,2017-07-30,444,102,True,679,10,48,157,3284,False
753,2017-07-31,396,88,False,685,45,11,215,10776,False
754,2017-08-01,394,57,False,797,8,13,120,3693,False
755,2017-08-02,372,63,False,857,0,10,189,4558,False
756,2017-08-03,328,33,False,793,63,43,174,11723,False
757,2017-08-04,326,49,False,823,44,21,177,10967,False
758,2017-08-05,422,63,True,481,83,176,215,13067,True
759,2017-08-06,483,63,True,687,31,28,148,8989,False
760,2017-08-08,402,84,False,797,10,3,144,5074,False
761,2017-08-09,309,49,False,816,39,17,210,12059,False
762,2017-08-10,317,49,False,931,7,1,135,4420,True
763,2017-08-11,437,107,False,689,32,20,155,8213,False
764,2017-08-14,353,64,False,865,3,9,146,4130,False
765,2017-08-15,307,49,False,964,0,9,111,3305,False
766,2017-08-16,333,54,False,904,0,0,149,5224,False
767,2017-08-17,381,53,False,870,3,8,125,4166,False
768,2017-08-18,360,80,False,751,33,17,199,10812,False
769,2017-08-19,251,49,True,950,55,25,110,3002,False
770,2017-08-20,329,89,True,914,14,3,91,3538,True
771,2017-08-21,344,56,False,838,0,8,194,6680,False
772,2017-08-22,292,47,False,913,0,0,188,5383,False
773,2017-08-23,335,69,False,840,40,14,142,10533,False
774,2017-08-24,444,68,False,740,13,9,166,7701,False
775,2017-08-25,403,69,False,686,34,62,186,10849,False
776,2017-08-26,361,45,True,805,9,16,204,4718,False
777,2017-08-27,347,53,True,731,132,57,120,22732,False
778,2017-08-28,219,24,False,991,29,3,174,5581,True
779,2017-08-29,352,74,False,809,53,15,137,11744,False
780,2017-08-30,325,65,False,846,33,2,169,9428,False
781,2017-08-31,339,68,False,852,0,0,181,6419,False
782,2017-09-01,371,79,False,710,42,23,215,12863,False
783,2017-09-02,327,54,True,935,7,7,110,4945,False
784,2017-09-03,342,72,True,859,29,3,135,6067,True
785,2017-09-04,402,80,False,782,6,10,160,5188,False
786,2017-09-05,526,65,False,573,59,25,192,14314,False
787,2017-09-06,201,44,False,981,10,4,200,7364,True
788,2017-09-07,310,82,False,873,9,1,165,5757,True
789,2017-09-08,363,67,False,601,153,54,202,22158,False
790,2017-09-09,423,51,True,522,92,25,327,22742,True
791,2017-09-10,287,36,True,863,32,24,198,11052,False
792,2017-09-11,848,128,False,761,13,8,170,7133,False
793,2017-09-12,380,60,False,816,40,11,133,9114,False
794,2017-09-13,293,64,False,930,10,9,134,5402,False
795,2017-09-14,427,88,False,532,53,65,275,15613,False
796,2017-09-15,327,50,False,742,70,26,225,13547,False
797,2017-09-16,416,66,True,567,14,17,360,10599,True
798,2017-09-17,369,43,True,831,12,15,170,6085,False
799,2017-09-18,305,76,False,873,9,11,166,6195,False
800,2017-09-19,414,97,False,748,0,0,181,6129,False
801,2017-09-20,346,65,False,846,7,4,172,7022,False
802,2017-09-21,368,78,False,744,61,35,154,11825,False
803,2017-09-22,346,51,False,822,14,6,201,9075,False
804,2017-09-23,209,38,True,740,73,65,315,14455,True
805,2017-09-24,344,62,True,721,58,25,230,10807,False
806,2017-09-25,334,51,False,801,11,36,207,7296,False
807,2017-09-26,497,82,False,511,84,57,209,18255,True
808,2017-09-27,351,62,False,792,17,13,144,7733,False
809,2017-09-28,376,95,False,829,15,12,174,7621,False
810,2017-09-29,454,101,False,624,33,27,201,12353,False
811,2017-09-30,360,68,True,773,56,15,168,14225,False
812,2017-10-02,387,18,False,836,15,5,188,7118,False
813,2017-10-03,349,31,False,826,11,13,210,8220,False
814,2017-10-04,461,50,False,732,17,12,168,7456,False
815,2017-10-05,347,47,False,835,14,16,181,7822,False
816,2017-10-06,415,68,False,742,37,26,140,9975,False
817,2017-10-07,295,76,True,901,53,10,105,8796,False
818,2017-10-08,485,72,True,664,71,30,118,11195,False
819,2017-10-09,448,121,False,737,7,6,121,5535,False
820,2017-10-10,344,72,False,796,66,31,131,12924,False
821,2017-10-11,762,194,False,811,0,0,151,4836,False
822,2017-10-12,434,92,False,754,0,0,160,4797,False
823,2017-10-13,381,65,False,807,17,4,166,7804,False
824,2017-10-14,472,68,True,755,54,15,74,9041,False
825,2017-10-15,310,75,True,754,114,32,155,20312,False
826,2017-10-16,488,66,False,488,106,60,232,18646,True
827,2017-10-17,276,21,False,860,69,25,183,9659,False
828,2017-10-18,473,119,False,669,3,6,170,4752,False
829,2017-10-19,478,124,False,651,7,15,165,5983,False
830,2017-10-20,430,101,False,666,8,15,220,7161,False
831,2017-10-21,344,27,True,802,32,57,178,9165,False
832,2017-10-22,549,104,True,515,32,18,222,9010,False
833,2017-10-23,419,77,False,751,23,21,149,7886,False
834,2017-10-24,374,66,False,727,23,21,229,11399,False
835,2017-10-25,462,79,False,671,14,33,181,6976,False
836,2017-10-26,380,60,False,760,12,6,222,9062,False
837,2017-10-27,360,67,False,802,34,25,152,8467,False
838,2017-10-28,445,78,True,777,2,6,132,3657,False
839,2017-10-29,301,50,True,877,11,9,192,4659,True
840,2017-10-30,452,98,False,612,64,26,188,12966,False
841,2017-10-31,393,55,False,550,215,60,167,19851,True
842,2017-11-01,333,62,False,764,109,54,118,18402,False
843,2017-11-02,315,63,False,909,3,8,142,6864,False
844,2017-11-04,281,70,True,989,6,18,76,3523,False
845,2017-11-05,385,39,True,807,21,15,173,6514,False
846,2017-11-07,301,55,False,732,51,71,230,17747,False
847,2017-11-08,386,49,False,793,14,5,193,7255,False
848,2017-11-09,311,74,False,853,37,7,158,11025,False
849,2017-11-10,800,140,False,807,16,0,147,6278,False
850,2017-11-11,669,102,True,510,26,24,109,7501,False
851,2017-11-12,345,57,True,916,16,8,98,2216,True
852,2017-11-13,299,66,False,823,49,12,191,12254,False
853,2017-11-14,231,22,False,814,141,74,158,15558,False
854,2017-11-15,353,53,False,797,43,20,174,11771,False
855,2017-11-16,365,52,False,804,70,31,118,11495,False
856,2017-11-17,253,36,False,796,77,60,218,14174,False
857,2017-11-18,296,27,True,807,15,18,277,9032,True
858,2017-11-19,391,59,True,872,8,6,104,3239,False
859,2017-11-20,455,70,False,670,42,8,195,13490,False
860,2017-11-21,332,73,False,774,114,65,82,11887,False
861,2017-11-22,367,57,False,857,29,6,124,8076,False
862,2017-11-23,371,45,False,838,15,10,161,7361,False
863,2017-11-25,365,41,True,748,69,25,192,16657,False
864,2017-11-26,358,63,True,643,87,56,233,17141,False
865,2017-11-27,342,48,False,813,28,5,204,10869,False
866,2017-11-28,367,55,False,613,83,75,247,16984,False
867,2017-11-29,446,94,False,771,8,4,117,6007,False
868,2017-11-30,302,56,False,849,33,14,186,9973,False
869,2017-12-01,487,75,False,682,12,1,183,9126,False
870,2017-12-02,537,93,True,640,28,18,124,8085,False
871,2017-12-03,522,67,True,670,35,10,136,7472,True
872,2017-12-04,344,48,False,793,76,26,153,15368,False
873,2017-12-05,384,55,False,697,66,61,177,13664,False
874,2017-12-06,328,47,False,812,31,12,210,11603,False
875,2017-12-07,356,50,False,813,18,8,195,10693,False
876,2017-12-09,229,42,True,985,22,9,153,7562,True
877,2017-12-11,291,45,False,897,6,5,196,5529,False
878,2017-12-13,336,35,False,718,15,36,300,10687,True
879,2017-12-15,314,43,False,723,77,58,225,24304,False
880,2017-12-16,294,33,True,684,137,96,196,19704,False
881,2017-12-30,394,38,True,800,30,25,152,7079,False
882,2018-01-01,424,58,False,618,31,36,273,13892,False
883,2018-01-02,531,104,False,652,0,0,153,3432,False
884,2018-01-03,507,72,False,590,44,79,148,13114,False
885,2018-01-05,377,75,False,779,21,4,184,5989,False
886,2018-01-06,401,66,True,857,5,15,96,3526,False
887,2018-01-08,378,53,False,775,47,17,170,12319,False
888,2018-01-09,650,142,False,709,112,64,159,16506,False
889,2018-01-10,410,70,False,771,18,14,157,8820,False
890,2018-01-11,223,45,False,850,59,44,219,15383,True
891,2018-01-12,414,49,False,803,29,17,128,8266,False
892,2018-01-13,391,80,True,682,41,21,225,11701,False
893,2018-01-14,561,89,True,556,48,13,173,9720,True
894,2018-01-15,377,50,False,708,70,24,211,16964,False
895,2018-01-16,385,52,False,719,30,22,232,10970,False
896,2018-01-17,450,54,False,649,53,15,219,14855,False
897,2018-01-18,438,80,False,662,53,24,183,13647,False
898,2018-01-19,532,70,False,528,40,33,237,13336,False
899,2018-01-20,361,55,True,736,64,29,195,12676,False
900,2018-01-21,525,73,True,694,0,0,148,2392,False
901,2018-01-22,512,84,False,653,33,22,136,8584,False
902,2018-01-23,356,73,False,806,37,21,147,8227,False
903,2018-01-24,362,57,False,739,46,21,215,12074,False
904,2018-01-25,512,83,False,670,31,12,132,10229,False
905,2018-01-26,223,45,False,982,34,24,132,9070,False
906,2018-01-27,615,135,True,468,101,19,102,15019,True
907,2018-01-28,345,16,True,986,8,3,82,3626,False
908,2018-01-29,448,65,False,740,30,10,147,8198,False
909,2018-01-30,427,46,False,733,77,62,95,10394,False
910,2018-01-31,366,57,False,772,51,32,162,12742,False
911,2018-02-01,324,76,False,893,27,9,111,5949,False
912,2018-02-02,360,45,False,768,47,31,189,12071,False
913,2018-02-04,288,58,True,857,28,30,179,8471,False
914,2018-02-05,491,54,False,693,52,10,140,11352,False
915,2018-02-06,417,90,False,597,97,71,168,14404,False
916,2018-02-07,408,66,False,760,35,26,145,9423,False
917,2018-02-08,734,116,False,792,24,10,189,10481,False
918,2018-02-09,307,55,False,792,54,12,220,13492,False
919,2018-02-10,439,50,True,720,38,24,169,8820,False
920,2018-02-11,472,68,True,696,35,28,141,10328,False
921,2018-02-12,351,42,False,853,40,5,149,9249,False
922,2018-02-13,322,48,False,744,37,37,246,14462,False
923,2018-02-14,375,47,False,784,26,14,194,9580,False
924,2018-02-15,449,43,False,795,29,7,115,7569,False
925,2018-02-16,287,27,False,780,36,31,279,13745,True
926,2018-02-17,322,51,True,485,60,205,317,9853,True
927,2018-02-18,231,54,True,842,0,7,306,7549,True
928,2018-02-20,465,62,False,618,87,49,159,14059,False
929,2018-02-21,450,60,False,730,34,16,150,10213,False
930,2018-02-22,333,38,False,890,29,11,139,8864,False
931,2018-02-23,460,72,False,773,16,6,113,7090,False
932,2018-02-24,532,129,True,637,22,2,118,6238,False
933,2018-02-25,351,60,True,831,12,20,166,4623,False
934,2018-02-26,371,67,False,807,14,7,174,8794,False
935,2018-02-27,594,70,False,567,38,16,155,6475,True
936,2018-02-28,396,106,False,781,32,7,118,8122,False
937,2018-03-01,306,93,False,781,55,19,186,12711,False
938,2018-03-02,420,58,False,731,60,29,141,12682,False
939,2018-03-03,400,53,True,698,93,30,166,14352,False
940,2018-03-04,344,58,True,810,26,24,178,7030,False
941,2018-03-05,374,50,False,748,66,25,177,12289,False
942,2018-03-06,412,96,False,651,156,33,92,12463,False
943,2018-03-07,362,56,False,847,57,15,103,9446,False
944,2018-03-08,308,51,False,854,62,29,136,13106,False
945,2018-03-09,405,46,False,788,30,8,163,9128,False
946,2018-03-10,988,172,True,627,28,17,188,7923,False
947,2018-03-11,456,55,True,752,0,0,177,3444,False
948,2018-03-12,289,57,False,841,31,14,208,10980,False
949,2018-03-13,383,68,False,663,107,82,137,15862,False
950,2018-03-14,370,71,False,818,22,11,148,7390,False
951,2018-03-15,390,40,False,794,45,19,152,9707,False
952,2018-03-16,309,71,False,785,58,18,199,12551,False
953,2018-03-17,372,89,True,698,25,4,252,9966,False
954,2018-03-18,301,37,True,870,37,20,175,5487,False
955,2018-03-19,417,61,False,670,43,52,197,13460,False
956,2018-03-20,392,58,False,632,80,78,200,16485,False
957,2018-03-21,406,76,False,641,48,42,137,11391,False
958,2018-03-23,319,45,False,831,65,17,163,12219,False
959,2018-03-24,381,72,True,786,41,31,129,10114,False
960,2018-03-26,306,44,False,930,41,26,93,7546,False
961,2018-03-28,467,70,False,802,9,2,90,4574,False
962,2018-03-29,308,64,False,928,24,8,108,5473,False
963,2018-03-30,303,71,False,900,21,2,143,5508,True
964,2018-03-31,293,53,True,920,0,0,174,6038,False
965,2018-04-01,300,31,True,916,71,28,94,3736,True
966,2018-04-02,372,28,False,876,18,8,130,6886,False
967,2018-04-03,310,51,False,826,37,17,199,11846,False
968,2018-04-04,339,44,False,863,28,13,153,8237,False
969,2018-04-05,271,41,False,840,63,34,191,16309,False
970,2018-04-06,424,67,False,602,89,37,221,18372,False
971,2018-04-07,411,52,True,526,76,37,338,15120,True
972,2018-04-08,381,21,True,563,71,84,320,19341,True
973,2018-04-09,640,60,False,830,44,14,202,13205,False
974,2018-04-10,263,34,False,788,117,80,158,16137,False
975,2018-04-11,362,49,False,831,40,21,137,9858,False
976,2018-04-12,366,32,False,771,72,61,138,15651,False
977,2018-04-13,335,32,False,764,99,57,150,11262,False
978,2018-04-14,246,51,True,891,70,18,164,16106,False
979,2018-04-16,244,39,False,988,17,29,123,3869,False
980,2018-04-17,432,62,False,605,120,79,142,16736,False
981,2018-04-18,441,62,False,738,47,11,141,10904,False
982,2018-04-19,345,57,False,848,71,30,89,12013,False
983,2018-04-20,256,37,False,949,51,19,128,10220,False
984,2018-04-21,277,41,True,617,124,47,334,27615,True
985,2018-04-22,308,24,True,786,50,28,244,7971,True
986,2018-04-23,379,56,False,712,54,24,215,15336,False
987,2018-04-24,379,69,False,684,89,43,176,15095,False
988,2018-04-25,304,49,False,882,30,14,161,9680,False
989,2018-04-26,393,87,False,778,45,13,124,9016,False
990,2018-04-27,290,55,False,775,94,50,176,20015,False
991,2018-04-28,428,73,True,606,40,26,267,13919,False
992,2018-04-29,350,56,True,764,15,50,205,6849,False
993,2018-04-30,447,89,False,746,27,14,117,7461,False
994,2018-05-01,389,40,False,699,104,93,115,16973,False
995,2018-05-02,315,35,False,853,55,16,166,13042,False
996,2018-05-03,335,43,False,794,39,32,197,11723,False
997,2018-05-04,294,38,False,915,4,10,179,8018,False
998,2018-05-05,319,37,True,730,25,22,307,10515,True
999,2018-05-06,300,35,True,974,8,2,121,4659,True
1000,2018-05-08,425,56,False,695,47,29,188,13258,False
1001,2018-05-09,810,152,False,799,25,12,123,7789,False
1002,2018-05-10,467,45,False,674,78,44,132,14592,False
1003,2018-05-11,265,24,False,962,60,14,115,11679,False
1004,2018-05-12,506,71,True,589,113,38,123,18008,False
1005,2018-05-13,383,56,True,834,23,6,138,6451,False
1006,2018-05-14,370,41,False,793,42,14,180,12323,False
1007,2018-05-15,345,44,False,736,72,53,190,17594,False
1008,2018-05-16,372,53,False,820,43,7,145,9657,False
1009,2018-05-17,330,34,False,876,42,19,139,10704,False
1010,2018-05-18,305,41,False,880,45,17,152,11164,False
1011,2018-05-19,337,29,True,811,42,24,197,11196,False
1012,2018-05-20,246,36,True,910,47,10,191,8083,False
1013,2018-05-21,441,69,False,769,38,10,113,8974,False
1014,2018-05-22,312,21,False,949,23,9,126,7414,False
1015,2018-05-24,356,87,False,767,23,11,196,9338,False
1016,2018-05-25,308,39,False,927,8,2,156,5639,False
1017,2018-05-26,321,52,True,882,17,7,161,7773,False
1018,2018-05-27,386,60,True,862,4,20,108,1743,False
1019,2018-05-28,317,42,False,914,27,16,124,7999,False
1020,2018-05-29,306,41,False,805,79,30,179,16098,False
1021,2018-05-30,329,40,False,936,32,15,88,6898,False
1022,2018-05-31,354,35,False,904,31,7,109,8216,False
1023,2018-06-01,323,41,False,874,11,1,190,8151,False
1024,2018-06-02,308,38,True,681,102,86,225,23270,False
1025,2018-06-03,364,67,True,824,66,13,106,9825,False
1026,2018-06-04,439,49,False,714,71,27,140,12670,False
1027,2018-06-05,321,62,False,705,153,68,131,20738,False
1028,2018-06-06,322,50,False,860,103,18,87,7965,False
1029,2018-06-07,436,41,False,746,70,19,128,10326,False
1030,2018-06-08,726,74,False,729,67,22,222,19726,False
1031,2018-06-10,299,63,True,981,9,2,86,4410,True
1032,2018-06-11,282,37,False,946,53,27,95,4855,False
1033,2018-06-12,343,86,False,757,61,40,153,9798,False
1034,2018-06-13,428,79,False,689,33,54,157,10387,False
1035,2018-06-14,377,48,False,793,44,27,151,10684,False
1036,2018-06-15,301,30,False,832,66,29,182,15602,False
1037,2018-06-18,373,32,False,630,88,34,283,20472,False
1038,2018-06-19,319,39,False,908,30,13,131,8688,False
1039,2018-06-20,350,48,False,826,51,21,144,12019,False
1040,2018-06-21,387,35,False,792,24,2,200,10393,False
1041,2018-06-22,331,43,False,881,22,14,149,7934,False
1042,2018-06-23,282,34,True,966,8,3,147,5769,True
1043,2018-06-24,239,34,True,1008,0,0,159,4558,True
1044,2018-06-25,336,31,False,850,16,7,200,6053,False
1045,2018-06-27,228,48,False,972,0,0,192,5797,True
1046,2018-06-28,311,37,False,898,9,1,184,5670,False
1047,2018-06-29,325,58,False,782,7,3,265,9665,False
1048,2018-06-30,299,40,True,902,6,9,184,5405,False
1049,2018-07-01,463,52,True,809,0,0,116,3716,False
1050,2018-07-02,219,16,False,922,40,14,229,7965,True
1051,2018-07-03,415,51,False,778,23,20,153,8667,False
1052,2018-07-04,394,75,False,420,75,64,412,23504,True
1053,2018-07-05,342,40,False,897,28,15,118,6346,False
1054,2018-07-06,431,80,False,672,32,8,217,14013,False
1055,2018-07-07,275,68,True,676,54,30,337,14731,True
1056,2018-07-08,722,106,True,801,34,28,163,7127,False
1057,2018-07-09,336,50,False,849,35,19,151,9605,False
1058,2018-07-10,281,37,False,758,69,49,246,19225,False
1059,2018-07-11,285,47,False,966,32,14,96,6286,False
1060,2018-07-12,241,20,False,979,27,13,160,10117,False
1061,2018-07-13,376,68,False,682,91,43,180,16305,False
1062,2018-07-14,490,55,True,515,95,50,235,18246,True
1063,2018-07-15,316,49,True,813,31,18,179,8659,False
1064,2018-07-16,267,39,False,925,46,2,196,12605,False
1065,2018-07-17,291,37,False,733,70,32,277,17290,True
1066,2018-07-18,280,30,False,884,60,39,147,12605,False
1067,2018-07-19,269,27,False,782,107,31,224,22794,False
1068,2018-07-20,285,43,False,867,63,24,158,11388,False
1069,2018-07-21,505,73,True,594,91,31,146,15768,False
1070,2018-07-22,317,39,True,781,79,67,157,12471,False
1071,2018-07-23,373,33,False,873,24,13,124,7357,False
1072,2018-07-24,309,54,False,844,53,41,139,10003,False
1073,2018-07-25,390,51,False,817,44,16,122,9141,False
1074,2018-07-26,341,51,False,715,60,24,247,14429,False
1075,2018-07-27,358,55,False,892,34,12,89,6371,False
1076,2018-07-28,375,60,True,888,0,0,117,2337,True
1077,2018-07-29,292,43,True,793,23,28,261,8458,True
1078,2018-07-30,415,65,False,807,19,9,125,7099,False
1079,2018-07-31,496,94,False,709,25,1,115,5781,False
1080,2018-08-01,411,82,False,644,108,41,154,18690,False
1081,2018-08-02,257,36,False,937,34,15,161,9629,False
1082,2018-08-03,455,79,False,636,36,28,206,12087,False
1083,2018-08-04,364,34,True,717,64,60,201,14120,False
1084,2018-08-05,360,49,True,857,11,2,161,3620,True
1085,2018-08-06,372,74,False,761,36,19,178,11658,False
1086,2018-08-07,862,98,False,824,25,4,107,6930,False
1087,2018-08-08,376,50,False,865,16,4,129,6703,False
1088,2018-08-09,389,45,False,777,51,26,152,11672,False
1089,2018-08-10,440,70,False,734,39,37,120,9835,False
1090,2018-08-11,495,55,True,548,75,33,234,17129,True
1091,2018-08-12,406,47,True,812,43,15,117,5161,True
1092,2018-08-13,367,34,False,830,73,21,115,12494,False
1093,2018-08-14,417,47,False,821,33,9,113,6430,False
1094,2018-08-15,373,63,False,817,0,0,187,7736,False
1095,2018-08-16,384,54,False,773,45,15,169,11589,False
1096,2018-08-17,268,44,False,944,61,15,108,9811,False
1097,2018-08-18,543,52,True,681,47,22,85,4986,True
1098,2018-08-19,305,61,True,807,63,57,147,11753,False
1099,2018-08-22,284,28,False,1012,28,16,72,5258,False
1100,2018-08-23,306,69,False,884,36,6,139,7346,False
1101,2018-08-24,397,54,False,686,59,31,213,14000,False
1102,2018-08-25,365,46,True,864,46,26,93,7608,False
1103,2018-08-26,445,80,True,653,52,21,189,9215,False
1104,2018-08-27,299,42,False,898,72,15,114,11018,False
1105,2018-08-28,360,67,False,755,35,15,208,10279,False
1106,2018-08-29,362,55,False,818,69,16,120,11887,False
1107,2018-08-30,377,48,False,710,71,54,180,16926,False
1108,2018-08-31,353,58,False,789,75,15,150,12337,False
1109,2018-09-02,324,39,True,864,22,6,185,3769,True
1110,2018-09-03,467,44,False,769,11,4,145,6476,False
1111,2018-09-04,316,47,False,918,10,8,141,4413,True
1112,2018-09-05,349,53,False,851,13,24,150,7094,False
1113,2018-09-06,566,44,False,957,10,4,164,5545,False
1114,2018-09-07,313,38,False,833,34,70,152,8262,False
1115,2018-09-08,407,73,True,797,12,10,141,4315,False
1116,2018-09-09,340,44,True,929,6,4,117,4036,False
1117,2018-09-10,304,42,False,951,23,17,103,5133,False
1118,2018-09-11,419,48,False,761,36,38,138,8312,False
1119,2018-09-12,458,48,False,721,58,22,133,11580,False
1120,2018-09-13,316,40,False,868,84,29,103,10935,False
1121,2018-09-14,305,30,False,786,53,44,222,10826,False
1122,2018-09-15,392,56,True,552,100,70,270,21899,True
1123,2018-09-16,247,44,True,802,108,64,175,17962,False
1124,2018-09-17,425,69,False,473,87,65,321,26701,True
1125,2018-09-18,294,70,False,676,118,62,220,22693,False
1126,2018-09-19,413,50,False,649,102,50,176,17139,False
1127,2018-09-20,453,76,False,614,30,14,253,12033,False
1128,2018-09-21,388,75,False,642,91,74,170,17394,False
1129,2018-09-22,343,57,True,671,191,53,125,25151,False
1130,2018-09-24,286,35,False,863,52,51,153,10992,False
1131,2018-09-25,538,57,False,698,32,10,105,6480,True
1132,2018-09-26,360,46,False,682,84,43,225,17012,False
1133,2018-09-27,293,47,False,918,55,28,99,9731,False
1134,2018-09-28,365,51,False,847,34,19,124,8473,False
1135,2018-09-29,461,61,True,623,40,30,219,12453,False
1136,2018-09-30,239,49,True,753,103,69,227,12533,False
1137,2018-10-01,453,61,False,730,67,31,98,12278,False
1138,2018-10-02,370,74,False,869,30,25,72,6306,False
1139,2018-10-03,437,64,False,631,51,32,225,14414,False
1140,2018-10-04,402,82,False,741,47,16,152,9397,False
1141,2018-10-05,440,94,False,666,76,29,135,10391,False
1142,2018-10-06,912,118,True,742,31,12,140,5608,True
1143,2018-10-07,329,62,True,836,43,50,120,12002,False
1144,2018-10-08,266,52,False,973,31,24,94,5692,False
1145,2018-10-09,267,56,False,833,87,27,170,15400,False
1146,2018-10-10,368,41,False,724,56,37,214,16177,False
1147,2018-10-11,317,46,False,940,37,16,84,6184,False
1148,2018-10-12,363,34,False,821,61,36,125,15244,False
1149,2018-10-13,333,46,True,766,43,26,226,8619,False
1150,2018-10-14,286,40,True,932,22,14,146,6061,False
1151,2018-10-15,335,56,False,890,29,28,102,8200,False
1152,2018-10-16,410,43,False,637,71,42,237,17082,False
1153,2018-10-17,241,33,False,755,54,27,330,15053,True
1154,2018-10-18,339,38,False,757,68,29,209,14406,False
1155,2018-10-19,273,38,False,919,62,22,126,10674,False
1156,2018-10-20,288,60,True,892,30,13,157,8189,False
1157,2018-10-21,401,65,True,682,15,18,259,12801,False
1158,2018-10-22,454,50,False,753,53,27,103,5736,True
1159,2018-10-23,280,51,False,859,78,32,140,12488,False
1160,2018-10-24,323,8,False,981,24,4,86,5223,False
1161,2018-10-25,299,36,False,896,23,4,182,8269,False
1162,2018-10-26,435,43,False,782,19,14,147,7182,False
1163,2018-10-27,513,47,True,720,46,8,106,5901,True
1164,2018-10-28,303,29,True,1012,7,2,87,2677,True
1165,2018-10-29,416,38,False,695,40,47,204,13712,False
1166,2018-10-30,303,32,False,936,30,19,120,9118,False
1167,2018-10-31,351,48,False,824,24,5,188,8158,False
1168,2018-11-01,373,45,False,886,24,5,107,6201,False
1169,2018-11-02,298,54,False,742,80,37,229,15634,False
1170,2018-11-03,296,46,True,733,102,89,174,21259,False
1171,2018-11-04,361,44,True,701,68,9,257,10517,False
1172,2018-11-05,470,76,False,877,65,31,194,11446,False
1173,2018-11-06,241,35,False,901,26,11,226,12215,False
1174,2018-11-07,335,73,False,628,69,78,257,16493,False
1175,2018-11-08,444,33,False,715,54,15,179,10826,False
1176,2018-11-11,280,9,True,831,6,17,272,7450,True
1177,2018-11-12,375,13,False,855,23,34,133,7289,False
1178,2018-11-13,401,28,False,728,14,22,184,7178,False
1179,2018-11-14,438,15,False,807,45,35,194,13796,False
1180,2018-11-15,343,67,False,805,32,47,146,11442,False
1181,2018-11-16,371,80,False,755,22,34,178,7504,False
1182,2018-11-17,324,51,True,857,37,11,160,8169,False
1183,2018-11-18,324,32,True,970,9,9,96,3073,True
1184,2018-11-19,302,53,False,928,24,12,121,5500,False
1185,2018-11-20,375,76,False,646,69,31,243,16068,False
1186,2018-11-21,403,35,False,800,42,16,144,9797,False
1187,2018-11-22,508,47,False,592,43,15,235,12951,False
1188,2018-11-23,389,84,False,739,9,3,216,6968,False
1189,2018-11-24,477,71,True,712,40,12,128,6234,True
1190,2018-11-25,434,51,True,709,30,8,208,7569,False
1191,2018-11-26,419,63,False,691,43,32,192,8440,False
1192,2018-11-27,394,57,False,680,81,51,177,12403,False
1193,2018-11-28,256,30,False,970,59,25,100,10684,False
1194,2018-11-29,310,60,False,945,38,16,71,6358,False
1195,2018-11-30,249,38,False,776,80,71,226,15277,False
1196,2018-12-01,329,35,True,709,123,55,189,17170,False
1197,2018-12-02,451,62,True,621,109,63,134,14045,False
1198,2018-12-03,390,47,False,594,52,53,304,19537,False
1199,2018-12-05,610,44,False,869,65,18,161,12922,False
1200,2018-12-06,367,50,False,772,65,22,164,12583,False
1201,2018-12-07,434,43,False,688,81,44,150,13281,False
1202,2018-12-08,337,38,True,749,53,21,242,12158,False
1203,2018-12-09,506,45,True,649,61,48,131,10704,False
1204,2018-12-10,321,26,False,911,54,17,111,10098,False
1205,2018-12-11,471,18,False,825,35,6,85,6224,True
1206,2018-12-12,359,25,False,908,29,22,97,6192,False
1207,2018-12-13,404,58,False,870,29,7,72,4828,True
1208,2018-12-15,481,59,True,554,47,76,223,11954,True
1209,2018-12-16,446,55,True,748,49,24,118,7508,True
1210,2018-12-17,358,64,False,751,27,18,222,11918,False
1211,2018-12-18,277,42,False,929,44,19,129,8827,False
1212,2018-12-19,397,61,False,801,23,1,157,7585,False
1213,2018-12-20,296,34,False,757,113,50,190,18387,False
1214,2018-12-21,338,55,False,692,61,69,225,10767,False
1215,2018-12-23,325,35,True,792,17,43,228,9194,False
1216,2018-12-24,417,72,False,648,0,7,258,5555,False
1217,2018-12-25,387,22,False,899,0,0,170,4454,False
1218,2018-12-26,694,114,False,287,7,16,320,4793,True
1219,2018-12-27,276,42,False,798,16,35,273,7143,True
1220,2018-12-28,259,32,False,827,25,50,247,7597,True
1221,2018-12-29,396,44,True,842,4,4,150,6245,False
1222,2018-12-30,211,50,True,1021,18,14,126,5534,False
1223,2018-12-31,438,64,False,682,27,23,206,10599,False
1224,2019-01-01,461,76,False,577,114,45,167,15117,True
1225,2019-01-02,456,50,False,658,103,30,143,17237,False
1226,2019-01-03,395,26,False,751,70,35,163,13334,False
1227,2019-01-04,592,86,False,816,75,19,176,10676,False
1228,2019-01-05,474,30,True,657,76,39,179,14452,False
1229,2019-01-06,393,60,True,779,35,19,154,5454,False
1230,2019-01-07,335,52,False,807,59,28,159,9974,False
1231,2019-02-10,424,61,True,782,61,27,85,12604,False
1232,2019-02-11,319,57,False,909,56,23,76,9340,False
1233,2019-02-12,302,43,False,951,40,15,89,3924,False
1234,2019-02-13,362,53,False,807,54,27,137,9792,False
1235,2019-02-14,432,34,False,770,30,21,153,11332,False
1236,2019-02-15,378,37,False,825,51,20,129,8692,False
1237,2019-02-16,362,46,True,896,55,17,64,7814,False
1238,2019-02-17,321,32,True,835,93,41,118,14360,False
1239,2019-02-18,383,55,False,826,48,26,102,9069,False
1240,2019-02-19,334,81,False,800,92,22,111,8121,False
1241,2019-02-20,512,59,False,696,38,24,111,14647,False
1242,2019-02-21,487,84,False,648,94,27,100,10063,True
1243,2019-02-22,306,47,False,417,118,150,334,14583,True
1244,2019-02-23,364,38,True,678,55,91,283,14916,False
1245,2019-02-24,433,62,True,776,47,28,89,4347,True
1246,2019-02-25,337,36,False,881,100,22,64,11545,False
1247,2019-02-26,348,48,False,903,58,23,60,8308,False
1248,2019-02-27,405,73,False,750,36,38,138,7981,False
1249,2019-03-01,552,66,False,387,101,89,245,21776,True
1250,2019-03-02,380,45,True,718,108,56,133,15135,False
1251,2019-03-03,249,40,True,915,49,53,134,9485,False
1252,2019-03-04,502,74,False,672,35,17,140,7170,False
1253,2019-03-05,1044,202,False,661,54,23,79,8154,True
1254,2019-03-06,338,56,False,838,30,22,156,10482,False
1255,2019-03-07,464,67,False,746,32,6,125,8913,False
1256,2019-03-08,373,42,False,789,33,13,190,8438,False
1257,2019-03-09,321,59,True,783,65,85,127,10121,False
1258,2019-03-10,337,46,True,856,68,39,94,13630,False
1259,2019-03-11,276,53,False,943,68,24,76,8172,False
1260,2019-03-12,395,71,False,800,47,19,108,9705,False
1261,2019-03-13,374,56,False,848,55,21,86,10908,False
1262,2019-03-14,390,60,False,857,41,22,70,7493,False
1263,2019-03-15,337,59,False,888,34,24,98,5269,False
1264,2019-03-16,456,65,True,756,70,15,78,11447,False
1265,2019-03-17,311,58,True,956,36,8,71,3133,True
1266,2019-03-18,436,62,False,787,39,19,97,7798,False
1267,2019-03-19,310,70,False,894,37,14,115,10746,False
1268,2019-03-20,391,59,False,804,41,30,115,9668,False
1269,2019-03-21,372,50,False,872,64,17,65,7213,True
1270,2019-03-22,469,73,False,655,27,28,188,8494,False
1271,2019-03-23,352,54,True,906,40,14,74,5067,False
1272,2019-03-24,433,89,True,803,30,13,72,9089,False
1273,2019-03-25,291,36,False,997,39,8,69,4261,True
1274,2019-03-26,345,58,False,408,59,42,77,14370,False
